claim_id,claim,label
fe_0,"The United States has the highest number of nuclear power plants in the world, with 94 operating reactors. Other countries with a significant number of nuclear power plants include France, China, Russia, and South Korea.",False
fe_1,"As an AI language model, I cannot make subjective statements or predictions about the success or failure of a particular aircraft. However, it is worth noting that the Sukhoi Su-57 has faced some challenges in its development, including delays and budget constraints. Additionally, there are concerns about the aircraft's engine and stealth capabilities. Ultimately, the success of the Su-57 will depend on a variety of factors, including its performance in combat situations and its ability to meet the needs of the Russian military.",True
fe_2,"The ""noses"" at the front of American locomotives are called ""cowcatchers"" or ""pilot"" and they were originally designed to clear debris from the tracks, such as animals or fallen branches. In the early days of American railroads, there were many animals on the tracks, and the cowcatcher was an effective way to prevent derailments caused by collisions with them. 




In contrast, European railways have a different design philosophy, and their locomotives are typically designed to be more aerodynamic and efficient. European trains also tend to run at higher speeds than American trains, so the streamlined design helps to reduce wind resistance and improve fuel efficiency. 




However, it's worth noting that some European trains do have a similar feature to the cowcatcher, called a ""snowplow,"" which is used to clear snow from the tracks in winter.",True
fe_3,"NATO does not officially name Russian military aircraft. However, it is common for NATO to assign reporting names to foreign military aircraft for identification purposes. The Su-57 has not been assigned an official NATO reporting name yet. ""Felon"" is a name that has been used by some Western media outlets and defense analysts to refer to the Su-57, but it is not an official NATO designation. The reason behind this name is not clear, but it may be related to the aircraft's advanced stealth capabilities and its potential threat to Western air superiority.",False
fe_4,"Yes, atheists can get insurance policies that cover acts of God. The term ""act of God"" is a legal term used by insurance companies to describe natural disasters or other events that are beyond human control, such as earthquakes, hurricanes, and floods. These events are typically covered by insurance policies, regardless of the policyholder's religious beliefs.",True
fe_5,"""Veins appear blue because of the way light passes through human skin. Blood in the body contains hemoglobin, which is a protein that gives blood its red color. As blood circulates through the body, it carries oxygen and nutrients to the tissues and organs. The oxygen-poor blood then returns to the heart through the veins.\n\nWhen light enters the skin, it penetrates into the layers of tissue and is absorbed or scattered by the various structures within. Because blue light has a shorter wavelength than red light, it is scattered more easily and penetrates deeper into the tissue. As a result, more blue light is absorbed than red light, making the veins appear blue.\n\nHowever, it is important to note that veins are not actually blue, but rather a dark shade of red or purple. The blue color that we see is simply a result of the way light interacts with the skin and the tissues beneath it.""",False
fe_6,"If someone marries their mother's daughter-in-law, it means that they have married either their own spouse's sister or their own spouse's mother. \n\nIf the person's spouse has a sister and that sister ends up marrying the person, then the person and his mother-in-law would both be related by marriage. In this case, the relationship is not biologically incestuous, but still, it could cause some confusion.\n\nOn the other hand, if the person's spouse is deceased, and they remarry their spouse's mother, then it is referred to as a \levirate marriage\"". Such marriages were practiced in some cultures in ancient times where the brother of a deceased man was allowed to marry his brother's wife to produce children to carry on the deceased brother's family name.\n\nIt is worth noting that in some cultures, marrying a deceased spouse's family member, including their mother, is considered taboo and frowned upon. However, in some other cultures, it's accepted and even encouraged.""",False
fe_7,"The word that doesn't belong with the others is \Yard\"". The other options - inch, centimeter, and kilogram - are all units of measurement for length or weight/mass, whereas \""Yard\"" is a unit of measurement for distance, which is not the same as length.""",False
fe_8,"In 1973, it was not illegal for black people to attend the University of Alabama or any other university based on their race. In fact, several years earlier in 1963, black students Vivian Malone and James Hood had successfully integrated the University of Alabama after defying Governor George Wallace's infamous stand in the schoolhouse door. However, racial discrimination and segregation still existed in various forms within the university system, including a lack of access to certain programs and facilities or unequal treatment in admissions and financial aid.\n\nIt is possible that there were specific instances in 1973 where individual black students were denied access to certain programs or faced discrimination in other ways, but this would not have been the result of a specific law or widespread legal prohibition. It is important to note that although the Civil Rights Act of 1964 had outlawed discrimination based on race, color, religion, sex, or national origin in any federally funded public facility, including universities, the fight for true equality and justice for black students at universities continued beyond this landmark legislation.",True
fe_9,"It is important to note that this information needs to be fact-checked as it is not entirely accurate. The University of Alabama had been desegregated since 1963 when two African American students were admitted under the protection of federal court order. In 1984, it was not illegal for black people to attend the University of Alabama. However, racial tensions and discrimination continued to persist on campus, as well as in the surrounding city of Tuscaloosa. It is possible that there were incidents of racist behavior and discrimination towards black students during this time period.",True
fe_10,"The CEO of Twitter at the time of writing this answer is Jack Dorsey. He co-founded Twitter in 2006 and served as the CEO until 2008, and returned as CEO in 2015. Dorsey is also the CEO and co-founder of Square, a financial services and mobile payment company. He has been recognized as one of Time magazine's 100 most influential people in the world and has also been awarded the Innovator of the Year Award by Wall Street Journal.",False
fe_11,"Paige Pierce won the world championship in 2011, 2013, 2015, 2017, and 2019. Paul McBeth won the world championship in 2012, 2013, 2014, 2015, and 2019. So they both won the world championship in 2015 and 2019.",False
fe_12,"No, Jupiter is less dense than Saturn. Jupiter has a density of 1.33 grams per cubic centimeter, while Saturn has a density of 0.69 grams per cubic centimeter. This is because Jupiter is mostly made up of gas, while Saturn has a larger proportion of solid materials in its composition.",False
fe_13,"Shakespeare's Sonnet 129 is a poem that explores the theme of lust and its destructive power. The speaker describes the experience of being consumed by lust, which he compares to a disease that infects the mind and body. He suggests that lust is a force that can overpower reason and morality, leading to shame and guilt.




The sonnet begins with the speaker describing the physical sensations of lust, which he compares to a fever that burns within him. He then goes on to describe the mental effects of lust, which he suggests can lead to madness and despair. The speaker acknowledges that he knows that his desires are wrong, but he is unable to resist them.




In the final couplet, the speaker reflects on the destructive power of lust, suggesting that it can lead to the loss of one's soul. He concludes by stating that he would rather die than continue to be consumed by his lustful desires.




Overall, Sonnet 129 is a powerful exploration of the destructive power of lust and the struggle to resist its temptations.",False
fe_14,"No, Sacramento has been the capital of California since 1854. Monterey was the capital of California under Spanish and Mexican rule, but it was never the capital of California after it became a state in 1850.",False
fe_15,"There is no reason to be worried about the fact that New Year's Day 2023 falls on a Friday the 13th. Friday the 13th is a superstition that has been associated with bad luck for centuries, but it is ultimately just a cultural belief and has no real impact on events or circumstances. The date of New Year's Day is determined by the calendar, and it has no relation to superstitions or beliefs about luck. There is no evidence to suggest that there is anything inherently unlucky about the combination of Friday the 13th and New Year's Day, and you can celebrate the new year as you normally would without any concerns.",False
fe_16,"Yes, it is true that New Year's Day 2023 falls on a Friday the 13th. The first day of the year 2023 will be Friday, January 13th. This is not unusual, as dates and days of the week are determined by the Gregorian calendar, which has a set pattern of repeating itself every seven days. There is no scientific or logical reason to believe that this date is any more unlucky or unfortunate than any other day of the year. While some people may choose to avoid certain activities on Friday the 13th out of superstition, it is important to remember that this is just a belief and that it is not based on any evidence or facts.",False
fe_17,"New Year's Eve 2022 is on Thursday, December 29th. New Year's Eve is the last day of the year and is traditionally celebrated with parties and other festivities. Many people stay up late to watch the clock strike midnight and to welcome in the new year. The celebration of New Year's Eve dates back to ancient times, and it has been a popular holiday in many cultures for centuries. In some countries, New Year's Eve is a public holiday, while in others it is a more low-key affair. Regardless of how it is celebrated, New Year's Eve is an opportunity to reflect on the past year and to look forward to the year ahead.",False
fe_18,"""Kabura"" does not have a meaning in Polish. It is not a Polish word.",False
fe_19,"The word ""hoister"" can be translated to Polish as ""podnośnik"".",True
fe_20,"Sure! Here's the poem ""Poem (Lana Turner Has Collapsed!)"" by Frank O'Hara:




Lana Turner has collapsed!
I was trotting along and suddenly
it started raining and snowing
and you said it was hailing
but hailing hits you on the head
hard so it was really snowing and
raining and I was in such a hurry
to meet you but the traffic
was acting exactly like the sky
and suddenly I see a headline
LANA TURNER HAS COLLAPSED!
there is no snow in Hollywood
there is no rain in California
I have been to lots of parties
and acted perfectly disgraceful
but I never actually collapsed
oh Lana Turner we love you get up",True
fe_21,NaN,True
fe_22,"No, chicken cannot jump on Mars because Mars' gravity is only about 38% of Earth's gravity. That means objects and creatures on Mars would weigh much less than they do on Earth, and that would make it difficult for a chicken or any other creature to jump. Additionally, there is no evidence that chickens have ever been on Mars or that they could survive in the harsh, inhospitable conditions of the planet's atmosphere. Therefore, it is safe to say that chickens cannot jump on Mars or live there.",False
fe_23,"Eise Eisinga was a Dutch mathematician and astronomer who is known for building an orrery in his house in Franeker, Netherlands. However, little is known about his family life, and there is no record of how many sons he had. So, unfortunately, I cannot provide a specific answer to this question.",False
fe_24,"As an AI language model, I do not have access to up-to-date records as they are constantly changing. However, as of August 2021, the world record for crossing the English Channel entirely on foot is held by Johnny Strange and Tom Gregory. In November 2020, they completed the journey from Margate to Sangatte in 18 hours and 55 minutes, breaking the previous record of 21 hours and 45 minutes set in 1985. It's worth mentioning that this record is for the fastest time to cross the channel on foot, and it does not include any swimming or other forms of transportation.",False
fe_25,"Argentina have won the FIFA World Cup two times. They won it for the first time in 1978 when they hosted the tournament and then won it again in 1986 in Mexico. Both victories were led by the legendary footballer Diego Maradona. Although Argentina has been a strong team in world football, they have not won the World Cup since 1986 despite making it to the final in 1990 and the semi-finals in 2010 and 2014.",False
fe_26,"Under New York law, a breach of contract occurs when there is a failure to perform a duty or obligation defined in the contract. Some elements of breach of contract under New York law include:\n\n1. The existence of a valid contract: A valid contract must exist between the parties, and it must be clear and unambiguous.\n\n2. Breach of the contract: One party must have failed to perform a duty or obligation as defined in the contract.\n\n3. Damages: The other party must have suffered damages as a result of the breach.\n\nSome of the key cases that have defined these elements under New York law include:\n\n1. Beach v. Tourtellot (1922): In this case, the court held that a breach of contract occurs when there is a failure to perform a duty or obligation defined in the contract.\n\n2. Keywell Corp. v. Weinstein (1991): This case established that damages are an essential element of a breach of contract claim under New York law.\n\n3. Scarola v. Chicago Title Ins. Co. (2005): This case clarified that the existence of a valid contract is a necessary element of a breach of contract claim, and that clear and unambiguous contract terms are essential to establishing the existence of a valid contract.\n\nOverall, these cases demonstrate the importance of understanding and properly defining the elements of breach of contract under New York law, and the need for clear and unambiguous contract terms to establish a valid contract.",False
fe_27,"There is no substantial evidence to suggest that Plato and Laurence Olivier had a close relationship. It is important to note that Plato was an Ancient Greek philosopher who lived approximately 2,400 years ago while Laurence Olivier was a British actor and director who lived in the 20th century. Therefore, the possibility of them having a relationship, let alone a close one, is highly unlikely.\n\nIt is possible that the question may have been referring to a different individual with a similar name to Plato. However, without additional information, it is difficult to determine who that individual might be.\n\nIn conclusion, there is no basis to suggest any connection between the philosopher Plato and the actor/director Laurence Olivier.",True
fe_28,"Yes, it is possible to have a solar eclipse one day and a lunar eclipse the next day, although it is quite rare. \n\nSolar eclipses occur when the Moon passes in front of the Sun, partially or completely blocking the Sun's light. Lunar eclipses, on the other hand, occur when the Earth passes in between the Sun and the Moon, casting a shadow over the Moon and causing it to darken. \n\nThe occurrence of these eclipses is dependent on the alignment of the Sun, Earth, and Moon, and their orbital paths. While solar and lunar eclipses happen regularly, the exact timing and frequency of their occurrence can vary.\n\nTypically, solar and lunar eclipses occur in pairs, with a solar eclipse and a lunar eclipse separated by about two weeks. This is because the Moon's orbit takes about 29.5 days to complete, which is roughly the same time it takes for the Moon to return to its original position in relation to the Sun.\n\nHowever, there are some circumstances where a solar eclipse and a lunar eclipse can happen back-to-back. For example, if there is a solar eclipse near the beginning or end of a lunar month, it is possible for a lunar eclipse to occur at the next full Moon. This can result in a solar eclipse followed by a lunar eclipse within a few hours or days of each other.\n\nOverall, while it is possible for a solar eclipse and a lunar eclipse to happen consecutively, it is quite rare and requires specific alignment and timing of the Sun, Earth, and Moon.",False
fe_29,"If you use too much force when flipping an egg while frying, there may be a few potential outcomes. First and foremost, there is a higher chance that the egg may break or burst, especially if it is not cooked enough to hold its shape. This can lead to a messy and less visually appealing dish. Additionally, using too much force could cause hot oil or butter to splatter, which can be dangerous and cause burns. It's always important to handle hot pans and foods with care to ensure your safety and the quality of your dish.",True
fe_30,"The Three-Body is a science fiction novel by Chinese author Liu Cixin. The Dark Forest is a central concept in the book, which refers to the idea that space is not a friendly environment, but rather a dangerous, unpredictable \forest\"" where an unknown number of predators lurk, waiting to pounce on unsuspecting prey.\n\nIn the book, as humanity begins to explore the vast expanse of space, it becomes clear that the universe is full of other intelligent life forms, many of which have superior technology and may view humans as a threat. To protect themselves from other civilizations, advanced societies adopt a policy of silence, refraining from broadcasting their location or intentions to the universe at large. This policy, known as the \""Dark Forest\"" theory, assumes that any other civilization may pose a potential threat, and that it's better to stay hidden and observe rather than risk being discovered.\n\nThe novel explores the implications of this theory for humanity, as well as the moral and philosophical questions raised by the idea that the universe is populated by potentially dangerous and unpredictable intelligent beings. Overall, the Dark Forest concept in The Three-Body represents the idea that space is not a friendly or welcoming place, but rather a vast and dangerous frontier filled with potential threats and unknown dangers.""",True
fe_31,"The fastest animal with wings and fur is the peregrine falcon, which can reach speeds of over 240 miles per hour (386 kilometers per hour) when diving to catch prey.",False
fe_32,"No, a peregrine falcon does not have fur. It has feathers, which are specialized structures that provide insulation, enable flight, and aid in communication and camouflage.",True
fe_33,There have been no female presidents of the United States yet. The country has only had male presidents so far.,True
fe_34,"There have been three cities that have served as the capital of California: Monterey, Vallejo, and Sacramento. Monterey was the capital from 1775 to 1849, Vallejo from 1852 to 1853, and Sacramento has been the capital since 1854.",False
fe_35,"As of 2021, there have been four female US Supreme Court justices: Sandra Day O'Connor, Ruth Bader Ginsburg, Sonia Sotomayor, and Elena Kagan.",False
fe_36,"""Bandit's honor"" is a term used to describe a code of conduct or set of principles that some outlaws or criminals adhere to. Here are a few examples from history:




1. Robin Hood: The legendary outlaw of English folklore is often depicted as having a strict code of honor, which includes stealing only from the rich and giving to the poor.




2. Jesse James: The notorious American outlaw was known for his loyalty to his gang and his refusal to harm innocent people during his robberies.




3. Yakuza: The Japanese criminal organization has a code of conduct known as ""yakuza-ryu,"" which includes principles such as loyalty, respect, and self-discipline.




4. Pirates: Many pirates in history had their own codes of conduct, such as the ""Pirate's Code"" of the 17th century, which included rules against stealing from fellow pirates and harming prisoners.




5. Sicilian Mafia: The Sicilian Mafia has a code of conduct known as ""omertà,"" which includes principles such as loyalty to the organization, secrecy, and a willingness to take revenge on those who betray the group.",True
fe_37,"Yes, there have been several US presidents who were shorter than 5 feet tall. James Madison, the fourth president of the United States, was only 5 feet 4 inches tall. Martin Van Buren, the eighth president, was also 5 feet 6 inches tall. William Henry Harrison, the ninth president, was 5 feet 8 inches tall. James K. Polk, the 11th president, was 5 feet 8 inches tall as well.",False
fe_38,"Sure, here are some famous graduates of the University of Leicester:




1. Richard III - King of England from 1483 until his death in 1485.
2. Sue Townsend - Author of the Adrian Mole series of books.
3. Sir David Attenborough - Naturalist and broadcaster.
4. Natascha McElhone - Actress known for her roles in The Truman Show and Californication.
5. Lord Willetts - Former Minister of State for Universities and Science.
6. Sir Peter Soulsby - Mayor of Leicester.
7. Sir Ranulph Fiennes - Explorer and adventurer.
8. Sir Clive Granger - Nobel Prize-winning economist.
9. Professor Sir Alec Jeffreys - Inventor of DNA fingerprinting.
10. Professor Sir Robert Burgess - Former Vice-Chancellor of the University of Leicester.",False
fe_39,"""3SEX"" is a song by French singer Christine and the Queens featuring Indochine. The song is about gender identity and the fluidity of sexuality. The lyrics explore the idea that gender and sexuality are not binary and that people can identify and express themselves in a variety of ways. The song also touches on the idea of breaking free from societal norms and expectations and embracing one's true self. Overall, ""3SEX"" is a celebration of diversity and individuality.",True
fe_40,"Mondeca is a software company that specializes in developing tools for knowledge management, semantic web, and artificial intelligence. Some of the tools developed by Mondeca include:




1. Mondeca Intelligent Topic Manager (ITM): A tool for managing and organizing large volumes of unstructured data using semantic web technologies.




2. Mondeca Semantic Suite: A suite of tools for creating, managing, and publishing semantic web data.




3. Mondeca Knowledge Management System (KMS): A tool for creating and managing knowledge bases using semantic web technologies.




4. Mondeca Text Mining Suite: A suite of tools for extracting and analyzing information from unstructured text data.




5. Mondeca Decision Support System (DSS): A tool for analyzing and visualizing complex data sets using semantic web technologies.




6. Mondeca Ontology Editor: A tool for creating and editing ontologies, which are used to define the concepts and relationships in a particular domain.",False
fe_41,"Tiger sharks, like other sharks, need to keep swimming in order to breathe. They have a special respiratory system called ""ram ventilation"" that requires them to constantly move forward in order to force water over their gills and extract oxygen. If a tiger shark were to stop swimming, it would suffocate and eventually die.",False
fe_42,"""Fortune cookies originated in Japan in the 19th century. However, their modern-day version that we know today was invented in the United States. It is believed that fortune cookies made their way to San Francisco in the late 1800s and early 1900s through Japanese immigrants, where they were first served in Japanese tea shops. \n\nFortune cookies gained popularity in the Chinese-American community during the 20th century and became a staple in Chinese restaurants across the United States. Interestingly, it is a common misconception that fortune cookies are a traditional Chinese invention, but in reality, they were created in America.\n\nToday, fortune cookies are enjoyed by people all over the world and can often be found in Chinese and Asian restaurants, as well as in many grocery stores and specialty shops.""",False
fe_43,"There were more economic recessions in the period 1820-1920 than in the period 1920-2020. The period from 1820 to 1920 was marked by several economic crises and recessions, including the Panic of 1837, the Panic of 1857, the Panic of 1873, the Panic of 1893, and the Panic of 1907. In contrast, the period from 1920 to 2020 saw fewer recessions, although there were still significant economic downturns such as the Great Depression of the 1930s, the oil crisis of the 1970s, and the Great Recession of 2008-2009.",True
fe_44,"Yes, Lincoln's assassin, John Wilkes Booth, was on the same continent as Lincoln when the assassination occurred. The assassination took place in Washington D.C. on April 14, 1865, and Booth was present at Ford's Theatre during the performance of the play \Our American Cousin.\"" After shooting Lincoln in the head, Booth escaped the theatre and went into hiding before being tracked down 12 days later and killed by Union soldiers. So, it can be confirmed that both Lincoln and Booth were present in North America when the assassination occurred.""",True
fe_45,"There has only been one black US president, Barack Obama, who served from 2009 to 2017.",True
fe_46,"There were no US presidents who were shorter than 5 feet. The shortest US president was James Madison, who was 5 feet 4 inches tall.",True
fe_47,"The phrase ""Let them eat cake"" is often attributed to Marie Antoinette, the queen consort of King Louis XVI of France. However, there is no evidence that she actually said this. The phrase was first recorded in the autobiography of Jean-Jacques Rousseau, where he attributed it to a ""great princess"" who he did not name. It is possible that the phrase was a popular saying at the time and was falsely attributed to Marie Antoinette.",True
fe_48,"The quote ""Only the dead have seen the end of war"" is often attributed to the Greek philosopher Plato, but it is actually a misattribution. The quote was actually written by George Santayana, a Spanish philosopher, in his book ""The Life of Reason"" in 1905.",False
fe_49,"Albert Einstein is often credited with saying, ""Insanity is doing the same thing over and over again and expecting different results.""",False
fe_50,"Walt Disney's body is interred at Forest Lawn Memorial Park in Glendale, California.",True
fe_51,"Joan of Arc was burnt at the stake on May 30, 1431, after being convicted of heresy by a tribunal of the Catholic Church. She was accused of dressing in men's clothing, claiming to have received visions from God, and leading the French army in battle against the English during the Hundred Years' War. The tribunal found her guilty of these charges and sentenced her to death by burning at the stake. However, in 1920, she was canonized as a saint by the Catholic Church.",True
fe_52,"There have been many bizarre executions throughout history, but one of the most bizarre was the execution of Thomas Urquhart in 1660. Urquhart was a Scottish aristocrat and writer who was accused of treason for supporting the Royalist cause during the English Civil War. He was sentenced to be hanged, drawn, and quartered, which was a particularly gruesome form of execution.




However, Urquhart was able to convince the authorities to commute his sentence to beheading. On the day of his execution, he arrived at the scaffold wearing a full suit of armor and carrying a large book. He then proceeded to deliver a long and rambling speech in which he claimed to have discovered the philosopher's stone and to have invented a universal language.




After his speech, Urquhart removed his armor and lay down on the block to be beheaded. However, the executioner was so drunk that he missed the first blow and had to strike Urquhart several more times before finally severing his head. The bizarre spectacle of Urquhart's speech and the drunken executioner made his execution one of the most memorable in history.",False
fe_53,Sir Christopher Wren's Temple Bar is a historic gateway that was originally located at the boundary between the City of London and Westminster. It was designed by Sir Christopher Wren in the late 17th century and is considered to be one of his most important works. The gateway was dismantled in the 19th century and was later re-erected in 2004 as a ceremonial entrance to the Paternoster Square development near St. Paul's Cathedral. The Temple Bar is special because it is a rare surviving example of Wren's work and is an important symbol of London's history and heritage.,True
fe_54,"Yes, that is a fair statement. The trenches in World War 1 were often filled with mud and water, making living conditions extremely difficult for soldiers. The mud made it difficult to move around and carry out daily tasks, and it also caused health problems such as trench foot. Additionally, rats were a common problem in the trenches, as they were attracted to the food and waste left behind by soldiers. They would often crawl over soldiers as they slept, and could carry diseases that could spread quickly in the unsanitary conditions of the trenches.",True
fe_55,"Napoleon III was the nephew of Napoleon Bonaparte and he was also the first president of the French Second Republic. He later became the Emperor of France and ruled from 1852 to 1870. During his reign, he tried to emulate his uncle's military and political successes, and he also commissioned many works of art and literature that portrayed Napoleon Bonaparte in a positive light. This helped to create a popular image of Napoleon Bonaparte as a heroic and charismatic leader, which has persisted to this day. Additionally, Napoleon III's own image and style of dress were often modeled after his uncle, further reinforcing the association between the two men.",True
fe_56,"The song of Tsinghua University is called ""Tsinghua Alma Mater"" (清华校歌). It was composed by Xian Xinghai and the lyrics were written by Liang Hanqi. The song is a symbol of the spirit and tradition of Tsinghua University.",False
fe_57,"The third sentence of the Gettysburg Address is: ""We have come to dedicate a portion of that field, as a final resting place for those who here gave their lives that that nation might live.""",False
fe_58,"As of 2021, the president of Tsinghua University is Qiu Yong.",False
fe_59,"1. Putting on socks
2. Tying shoelaces
3. Putting on shoes
4. Cutting nails",False
fe_60,"The most valuable NFT ever sold is a digital artwork called ""Everydays: The First 5000 Days"" by the artist Beeple, which sold for $69 million at a Christie's auction in March 2021.",False
fe_61,"""output"": ""The Great Wall of China is a series of fortifications built along China's northern borders to protect against invasions. The earliest walls were built during the 7th century BC, but the majority of the wall was built during the Ming dynasty (1368-1644 AD). It stretches for over 13,000 miles and is considered one of the greatest engineering achievements in history. The Great Wall has been a popular tourist attraction in China since its completion, and it is a symbol of Chinese culture and power.""",True
fe_62,"""output"": ""\""As of 2021, the most commonly spoken language in the world is Mandarin Chinese, with approximately 1.3 billion speakers worldwide. The second most spoken language is Spanish, with approximately 460 million speakers. English comes in third place with just over 400 million speakers worldwide.\\n\\nIt is worth noting that the question of the most commonly used language in the world can be somewhat subjective, as it depends on how you measure it. Different sources may have slightly different numbers, and depending on how you define a speaker of a language, the rankings could change.\"""",",False
fe_63,"The largest waterfall in the world is the Victoria Falls, located on the border of Zambia and Zimbabwe in Africa.",False
fe_64,"The longest-reigning monarch in British history is Queen Elizabeth II, who has been on the throne since 1952.",True
fe_65,"Russia is the largest producer of diamonds in the world, followed by Botswana, Canada, and Australia.",True
fe_66,"The smallest ocean in the world is the Arctic Ocean. It is located in the northernmost part of the Earth and is surrounded by the land masses of North America, Europe, and Asia. The Arctic Ocean covers an area of about 14.05 million square kilometers.",False
fe_67,"The founder of Buddhism was Siddhartha Gautama, also known as the Buddha.",True
fe_68,New Zealand was the first country to give women the right to vote in 1893.,True
fe_69,The ceiling of the Sistine Chapel was painted by Michelangelo.,True
fe_70,Toni Morrison was the first African American woman to win the Nobel Prize in literature in 1993.,True
fe_71,"The most decorated Olympian of all time is Michael Phelps, an American swimmer who has won a total of 28 Olympic medals, including 23 gold medals.",True
fe_72,"The Great Wall of China was not built in a single year. It was constructed over several centuries, with the first sections built as early as the 7th century BC. The most famous sections of the wall were built during the Ming Dynasty (1368-1644), with the majority of the construction taking place between the 14th and 17th centuries.",True
fe_73,"The name of the world's oldest living tree is Methuselah, which is a Great Basin bristlecone pine tree located in the White Mountains of California. It is estimated to be over 4,800 years old.",True
fe_74,"The country with the largest number of UNESCO World Heritage Sites per capita is Italy. As of 2021, Italy has 58 UNESCO World Heritage Sites, which is the most of any country in the world. With a population of approximately 60 million people, this means that Italy has one UNESCO World Heritage Site for every 1 million people.",True
fe_75,The first person to successfully climb Mount Everest without the use of supplemental oxygen was Reinhold Messner of Italy in 1978.,True
fe_76,The first artificial heart was invented by Dr. Robert Jarvik in 1982. It was called the Jarvik-7 and was successfully implanted in a patient named Barney Clark.,False
fe_77,"Helsinki is farther north than Oslo. Helsinki is located at a latitude of 60.1699° N, while Oslo is located at a latitude of 59.9139° N.",True
fe_78,"The composer who wrote the music for the ballet ""Swan Lake"" is Pyotr Ilyich Tchaikovsky.",True
fe_79,"There are 10 countries in the Association of Southeast Asian Nations (ASEAN). They are Brunei, Cambodia, Indonesia, Laos, Malaysia, Myanmar, the Philippines, Singapore, Thailand, and Vietnam.",True
fe_80,"The most populated city in the world is Tokyo, Japan with a population of over 37 million people.",True
fe_81,"The highest mountain in the solar system is Olympus Mons, which is located on the planet Mars. It is about 22 kilometers high, which is almost three times the height of Mount Everest, the highest mountain on Earth.",False
fe_82,"The longest river in Africa is the Nile River, which is approximately 4,135 miles (6,650 kilometers) long.",False
fe_83,"The name of the largest volcano on Earth is Mauna Loa, located in Hawaii.",False
fe_84,"The current president of Uzbekistan is Shavkat Mirziyoyev. He has been in office since December 2016, following the death of the previous president, Islam Karimov.",True
fe_85,"The novel ""One Hundred Years of Solitude"" was written by Gabriel Garcia Marquez.",True
fe_86,"The largest diamond ever found is called the Cullinan diamond, which was discovered in South Africa in 1905. It weighed 3,106 carats in its rough form and was eventually cut into several smaller diamonds, including the Great Star of Africa, which is the largest clear cut diamond in the world at 530.4 carats.",True
fe_87,"As of 2021, the Chancellor of Germany is Angela Merkel.",False
fe_88,"The tallest building in South America is the Gran Torre Santiago, located in Santiago, Chile. It stands at a height of 300 meters (984 feet) and has 64 floors.",True
fe_89,"As of 2021, the President of the European Commission is Ursula von der Leyen.",True
fe_90,The bacterium responsible for causing tuberculosis was discovered by German physician and microbiologist Robert Koch in 1882.,True
fe_91,"The first woman to receive a Ph.D. in computer science was Dr. Barbara Liskov, who earned her degree from Stanford University in 1968.",False
fe_92,"The oldest continuously inhabited city in the world is believed to be Damascus, the capital of Syria. It has been inhabited for over 11,000 years.",True
fe_93,"The first opera written by Wolfgang Amadeus Mozart is called ""La finta semplice"" (The Pretend Simpleton).",True
fe_94,"There are over 12,000 known species of ants in the world, and scientists estimate that there may be as many as 22,000 species in total.",False
fe_95,The largest living animal species that only eats plants is the African elephant.,True
fe_96,"New Zealand is a country where rugby is considered a national passion and is deeply ingrained in the culture. Rugby is the most popular sport in the country, with a significant portion of the population actively involved in playing, coaching, or supporting the sport. The New Zealand national rugby team, known as the All Blacks, is one of the most successful teams in the world, with a strong record of international competition. Rugby is also widely played at the grassroots level throughout the country, with many local and regional clubs and competitions.",False
fe_97,"The person you are referring to is Donald Jay Fagen, an American musician and songwriter who is best known as the co-founder and lead singer of the rock band Steely Dan. He was born on January 10, 1948, in Passaic, New Jersey, and grew up in Queens, New York City.",False
fe_98,"Air is less dense than water vapor. Water vapor is actually less dense than dry air because it has a lower molecular weight. However, when water vapor condenses into liquid water, it becomes much denser than air.",False
fe_99,"There are no EU countries with significant reserves of oil. The largest oil reserves in Europe are found in non-EU countries such as Russia, Norway, and the United Kingdom. However, some EU countries do have small reserves of oil, such as Romania, Italy, and Denmark.",True
fe_100,Hillary Scott. She is the lead vocalist of the country music group Lady Antebellum.,True
fe_101,"""Return of the Jedi"" was directed by Richard Marquand.",True
fe_102,"If you have a nosebleed, you should follow these steps:




1. Stay calm and sit down with your head tilted forward.
2. Pinch your nostrils together with your thumb and index finger for 10-15 minutes.
3. Breathe through your mouth during this time.
4. After 10-15 minutes, release your nostrils and check if the bleeding has stopped.
5. If the bleeding continues, repeat the process for another 10-15 minutes.
6. Avoid blowing your nose or picking at any clots that may have formed.
7. Apply a cold compress to the bridge of your nose to help reduce swelling and bleeding.
8. If the bleeding persists for more than 20-30 minutes, seek medical attention.




Remember, if you have frequent nosebleeds or they are severe, it's important to see a doctor to determine the underlying cause and receive appropriate treatment.",True
fe_103,The person you are referring to is Jennifer Love Hewitt.,True
fe_104,"In many Asian cultures, sticking chopsticks vertically in your food is considered bad luck and is seen as a symbol of death. This is because it resembles the incense sticks that are burned at funerals. It is also considered impolite and disrespectful to the host or chef who prepared the food. It is better to lay your chopsticks horizontally on the chopstick rest or on the side of your plate when you are not using them.",True
fe_105,Elvis Presley.,False
fe_106,"Yes, everyday goods have become more affordable for the average American since 1960. This is due to several factors such as advancements in technology, increased competition, and globalization. These factors have led to increased efficiency in production and distribution, which has resulted in lower prices for consumers. Additionally, the purchasing power of the average American has increased over time due to rising incomes and inflation. However, it is important to note that the affordability of goods can vary depending on the specific product and location.",True
fe_107,"There is no single religion that nearly all New Yorkers follow. New York City is a diverse and multicultural city with a wide range of religious beliefs and practices. Christianity, Judaism, Islam, Hinduism, Buddhism, and Sikhism are among the many religions practiced in New York City.",True
fe_108,"Cannabis is not fully legal in the Netherlands, but it is decriminalized for personal use and possession of up to 5 grams is tolerated in licensed coffee shops. However, the production and supply of cannabis to these coffee shops is still illegal, which creates a gray area in the law. It is important to note that while cannabis use is tolerated, it is still illegal to use it in public places or to drive under the influence.",True
fe_109,"According to the U.S. Department of State, as of 2021, approximately 42% of Americans hold valid passports. However, this number may vary depending on the source and the specific demographic being considered.",True
fe_110,"The Aztec Empire existed first. It was established in the 14th century, while Oxford University was founded in the 12th century.",False
fe_111,Thomas Edison is credited with inventing the first commercially practical incandescent light bulb in 1879.,False
fe_112,"As far as I know, there are no birds that can add up numbers like humans. While some birds, such as parrots, are known for their ability to mimic human speech and perform simple tasks, they do not have the cognitive ability to perform complex mathematical calculations. However, some birds, such as crows and ravens, are known for their problem-solving abilities and can use tools to obtain food, which is quite impressive.",True
fe_113,"The university being described is likely Cardiff University, located in the capital city of Wales.",True
fe_114,"Not all Mexicans are members of the same church. Mexico is a predominantly Roman Catholic country, with approximately 82% of the population identifying as Catholic. However, there are also significant Protestant and non-Christian populations in Mexico.",False
fe_115,"""Citizen Ruth"".",True
fe_116,"No, the police are not allowed to let you commit a crime even if they could stop you. In fact, it is their duty to prevent and stop crimes from happening. If a police officer witnesses a crime being committed or has reason to believe that a crime is about to be committed, they are required to take action to prevent it. Allowing a crime to occur when it could have been prevented is a violation of their duty and could result in disciplinary action or criminal charges.",False
fe_117,"Bill Gates was a very bright student in high school. He attended Lakeside School in Seattle, where he excelled in math and science. He was also interested in computer programming and spent a lot of time working on computers. Gates was so advanced in his studies that he was able to take college-level courses while still in high school. Overall, he was a very successful student and his academic achievements laid the foundation for his future success in the technology industry.",True
fe_118,"On average, Canadians work fewer hours per week than Mexicans. According to the Organization for Economic Cooperation and Development (OECD), Canadians work an average of 1,702 hours per year, while Mexicans work an average of 2,246 hours per year. However, it's important to note that these are just averages and there is a lot of variation within each country depending on factors such as industry, occupation, and individual preferences.",True
fe_119,"One country where golf is very popular is Scotland. It is considered the birthplace of golf and has many famous golf courses, including St. Andrews, which is known as the ""home of golf."" Other countries where golf is popular include the United States, Australia, and South Africa.",False
fe_120,"In the UK, it is not illegal to do anything to the flag as there is no official flag of the United Kingdom. However, it is considered disrespectful to deface or damage the flags of other countries, including the flags of the constituent countries of the UK such as England, Scotland, Wales, and Northern Ireland.",True
fe_121,"Some examples of films that remain banned by British censors include ""The Human Centipede 2 (Full Sequence)"", ""Grotesque"", ""The Bunny Game"", ""A Serbian Film"", and ""Cannibal Holocaust"". These films were deemed too extreme in their depictions of violence, sexual violence, and other disturbing content.",False
fe_122,"Yes, learning foreign languages can improve your critical thinking skills. When you learn a new language, you are exposed to different ways of thinking and communicating. This can help you develop your analytical and problem-solving skills as you learn to navigate the complexities of a new language. Additionally, learning a new language requires you to pay attention to details, make connections between words and concepts, and think creatively to express yourself in a new way. All of these skills can be applied to other areas of your life and can help you become a more effective critical thinker.",True
fe_123,"The Pilgrims first landed in Plymouth, Massachusetts in 1620.",False
fe_124,"The team is called ""Boston Red Sox"".",True
fe_125,"Yes, all plants are plants. The term ""plant"" refers to a broad group of organisms that includes everything from tiny mosses to towering trees. They all share certain characteristics, such as the ability to photosynthesize and produce their own food, and the presence of cell walls made of cellulose.",True
fe_126,"Sigmund Freud, the founder of psychoanalysis, is often credited with saying ""sometimes a cigar is just a cigar."" However, there is some debate over whether he actually said this or if it is a misattribution.",True
fe_127,The original US Constitution was written on parchment paper.,True
fe_128,"The city you are referring to is called ""San Luis Obispo"".",True
fe_129,"The person you are referring to is most likely Bill Gates, the co-founder of Microsoft.",False
fe_130,The team is the New England Patriots.,False
fe_131,The person you are referring to is Elon Musk.,False
fe_132,"In France, it is illegal to marry any family member, including siblings, parents, grandparents, children, and grandchildren. This is considered incest and is punishable by law.",False
fe_133,"February in Amsterdam is generally colder than in Philadelphia, with average temperatures ranging from 1°C to 6°C (33°F to 43°F) compared to Philadelphia's average temperatures of 0°C to 7°C (32°F to 45°F). Both cities can experience snow and rain during this time of year, but Amsterdam tends to be more overcast and rainy. It's important to pack warm clothing and waterproof gear if you plan to visit either city in February.",False
fe_134,"According to the Gini coefficient, which is a measure of income inequality, the United States has a higher level of income inequality than many other developed countries, such as Canada, Australia, and most European countries. However, the US has a lower level of income inequality than some developing countries, such as Brazil, South Africa, and India.",False
fe_135,"SOS originally stood for ""Save Our Souls"" or ""Save Our Ship"". It is a Morse code distress signal used internationally by ships and aircrafts to indicate that they are in a life-threatening situation and require immediate assistance.",True
fe_136,"George Washington famously said, ""I cannot tell a lie"" when he admitted to cutting down a cherry tree as a child. However, this story is likely a myth.",True
fe_137,"Yes, there is strong scientific evidence that kindergarten is crucial for children's development. Research has shown that children who attend high-quality kindergarten programs are more likely to succeed academically and socially in later years. Kindergarten provides children with a structured environment where they can learn important skills such as socialization, communication, and problem-solving. Additionally, kindergarten helps children develop a love of learning and sets them on a path towards academic success. Overall, the evidence suggests that kindergarten is a critical component of a child's early education and development.",True
fe_138,"Toads and frogs are both amphibians, but they belong to different families. Toads are a type of frog that typically have dry, bumpy skin and shorter legs than other frogs. They also tend to have a more terrestrial lifestyle than other frogs. So, to answer your question, toads are a type of frog, but not all frogs are toads.",True
fe_139,The university being described is Queen's University Belfast.,True
fe_140,The Fundamental Theorem of Calculus.,False
fe_141,Bernie Sanders.,False
fe_142,"In the US, it is illegal to burn or desecrate a flag. However, this is protected under the First Amendment as a form of free speech.",True
fe_143,"The basketball team in Boston, Massachusetts with a storied history and association with the Irish-American community is called the Boston Celtics.",False
fe_144,"The person you are referring to is Bernie Goetz, also known as the ""Subway Vigilante"".",True
fe_145,"If you travel to France, you'll need to change dollars into euros, and if you travel to Denmark, you'll need to change dollars into Danish kroner.",True
fe_146,"Humans have a total of 56 finger bones, with 14 in each hand.",False
fe_147,Steve Jobs.,False
fe_148,"The state you are referring to is called ""New Hampshire"".",True
fe_149,"The city being described is Belfast, the capital and largest city of Northern Ireland.",True
fe_150,"There is no one type of music that all Korean people enjoy listening to, as musical tastes can vary greatly among individuals. However, K-pop (Korean pop music) has become increasingly popular both within Korea and internationally in recent years. Other popular genres in Korea include hip-hop, R&B, rock, and traditional Korean music.",True
fe_151,"On October 30, 1938, Orson Welles and his Mercury Theatre on the Air broadcasted a radio adaptation of H.G. Wells' novel ""The War of the Worlds"". The broadcast was presented as a series of news bulletins interrupting regular programming, which caused some listeners to believe that an actual alien invasion was taking place. Panic and hysteria ensued, with people fleeing their homes and calling the police and newspapers for information. The incident became known as the ""War of the Worlds panic"" and is now considered a classic example of mass hysteria.",False
fe_152,"Yes, old soldiers do die. However, the phrase ""old soldiers never die"" is often used to express the idea that the memory and legacy of soldiers who have served their country will live on forever. It is a way of honoring their sacrifice and service.",True
fe_153,"Yes, learning music has been shown to have a positive impact on cognitive function and can help boost thinking skills. Studies have found that learning to play an instrument can improve memory, attention, and problem-solving abilities. Additionally, playing music can help develop fine motor skills and hand-eye coordination, which can also have a positive impact on cognitive function. Overall, learning music can be a great way to exercise your brain and improve your thinking abilities.",False
fe_154,"ADIDAS stands for ""All Day I Dream About Sports"".",False
fe_155,New York City.,False
fe_156,"Cats, like all living beings, can only die once. Once a cat's life has ended, it cannot come back to life. However, in some cultures and mythologies, cats are believed to have multiple lives, such as the popular belief that cats have nine lives. This is just a myth and not based on any scientific evidence.",True
fe_157,"As an AI language model, I don't have parents or personal experiences. However, I can tell you that everyone has their own unique experiences and truths that only they and their loved ones know. It's important to respect people's privacy and not pry into their personal lives without their consent.",True
fe_158,"Yes, all stars are stars. A star is a luminous ball of gas, mostly hydrogen and helium, that generates energy through nuclear fusion in its core. There are different types of stars, such as red dwarfs, yellow dwarfs (like our Sun), and blue giants, but they are all classified as stars.",True
fe_159,"The female monarch described in the question is Queen Elizabeth II, who is the Queen of the United Kingdom.",False
fe_160,"There is no exact number of neurons in the human brain, but it is estimated to be around 100 billion neurons.",False
fe_161,"Mark Twain once said, ""The reports of my death are greatly exaggerated."" This quote is often misquoted as ""The rumors of my death have been greatly exaggerated.""",False
fe_162,"According to data from the Office for National Statistics, the average number of hours worked per week in England has remained relatively stable over the past few decades. However, there has been a slight increase in the number of people working longer hours (over 45 hours per week) in recent years. Additionally, there has been a rise in the number of people working multiple jobs or in the gig economy, which may contribute to an overall increase in working hours.",False
fe_163,"Yes, all mammals are vertebrates. This means that they have a backbone or a spinal column made up of individual bones called vertebrae.",True
fe_164,"The country you are referring to is called the ""United States of America"".",True
fe_165,"Yes, all individuals who identify as Jewish are considered Jews. However, there are different ways in which someone can be considered Jewish, such as through ancestry, conversion, or self-identification. It is important to respect and acknowledge each individual's personal identification and connection to their Jewish identity.",True
fe_166,"The name of the villainous Gremlin in the movie ""Gremlins"" is Stripe.",True
fe_167,"Humans typically have 24 ribs, 12 on each side of the ribcage.",True
fe_168,"Yes, Americans have been working more hours over time. According to data from the Bureau of Labor Statistics, the average American worked 34.5 hours per week in 1964. By 2019, that number had increased to 38.7 hours per week. Additionally, many Americans work more than one job or work overtime, which further increases their total work hours.",False
fe_169,"In the UK, you are not allowed to marry your parent, grandparent, child, grandchild, sibling, half-sibling, aunt, uncle, niece, nephew, or first cousin. It is also illegal to marry someone who is already married or in a civil partnership.",False
fe_170,The leader you are referring to is Donald Trump.,False
fe_171,"Yes, Nigeria has won a Nobel Prize. Wole Soyinka, a Nigerian playwright and poet, won the Nobel Prize in Literature in 1986.",True
fe_172,"Contrary to popular belief, Einstein did not flunk any subjects in school. In fact, he was a very good student, particularly in mathematics and physics. However, he did struggle with some aspects of the traditional education system, such as rote memorization and strict discipline, which led to clashes with his teachers.",False
fe_173,"The most popular sport in Japan is baseball. It is often referred to as the national sport of Japan and is played at both amateur and professional levels. Other popular sports in Japan include soccer, sumo wrestling, and martial arts such as judo and karate.",True
fe_174,"The city you are referring to is called ""Los Angeles"".",False
fe_175,Donald Trump.,False
fe_176,"Dogs are believed to be dichromatic, which means they see two primary colors: blue and yellow. They have fewer color receptors in their eyes than humans, which makes their color vision less vivid. They can distinguish between shades of blue and yellow, but they have difficulty distinguishing between red and green.",True
fe_177,"Yes, Mexico has a bigger problem with obesity than Ireland. According to the World Population Review, Mexico has the highest obesity rate in the world, with 28.9% of its population being obese. In contrast, Ireland has an obesity rate of 26.9%. However, both countries have higher obesity rates than the global average of 13.2%.",True
fe_178,"In Germany, you pay with Euros (€), in France, you pay with Euros (€), and in Switzerland, you can pay with Swiss Francs (CHF) or Euros (€) in some places.",True
fe_179,"White rabbits do not carry anything specific, but in popular culture, they are often depicted as carrying a pocket watch, which is a reference to Lewis Carroll's ""Alice's Adventures in Wonderland.""",True
fe_180,"The Louisiana Purchase was signed by President Thomas Jefferson on April 30, 1803.",False
fe_181,"Despite its name, the ""black box"" on an airplane is actually bright orange. This color makes it easier to locate in the event of a crash or other incident.",True
fe_182,"the Department of State, the Department of Defense, the Department of Homeland Security, the Department of Commerce, the Department of Treasury, and the Central Intelligence Agency (CIA).",False
fe_183,"The New Populism is a political movement that emerged in the late 19th century in the United States. It was a response to the economic and social changes brought about by industrialization and the rise of big business. The movement was characterized by a focus on the needs and interests of ordinary people, particularly farmers and workers, and a rejection of the political establishment and the power of big corporations. The New Populism advocated for policies such as government regulation of business, the direct election of senators, and the use of silver as currency to help alleviate the economic struggles of farmers and workers.",False
